Competition,Phase,Ronda,Dia,Hora,Local,Visitante,Localscore,Roadscore,Arbitros,Plusminus,Winner,Ganador
Euroleague,Regular Season,1,2023-10-05,19:00:00,Crvena Zvezda Meridianbet Belgrade,LDLC ASVEL Villeurbanne,94,73,"['ROCHA, FERNANDO', 'PATERNICO, CARMELO', 'PASTUSIAK, PIOTR']",21,Crvena Zvezda Meridianbet Belgrade,Local
Euroleague,Regular Season,1,2023-10-05,20:05:00,Maccabi Playtika Tel Aviv,Partizan Mozzart Bet Belgrade,96,81,"['PEREZ, MIGUEL ANGEL', 'VILIUS, GYTIS', 'KARDUM, LUKA']",15,Maccabi Playtika Tel Aviv,Local
Euroleague,Regular Season,1,2023-10-05,20:30:00,Virtus Segafredo Bologna,Zalgiris Kaunas,79,82,"['BOLTAUZER, MATEJ', 'PANTHER, ANNE', 'SILVA, SERGIO']",-3,Zalgiris Kaunas,Visitante
Euroleague,Regular Season,1,2023-10-05,20:30:00,FC Bayern Munich,ALBA Berlin,80,68,"['GARCIA, JUAN CARLOS', 'LATISEVS, OLEGS', 'SUKYS, ARTURAS']",12,FC Bayern Munich,Local
Euroleague,Regular Season,1,2023-10-05,20:30:00,FC Barcelona,Anadolu Efes Istanbul,91,74,"['RADOVIC, SRETEN', 'DIFALLAH, MEHDI', 'JOVCIC, MILIVOJE']",17,FC Barcelona,Local
Euroleague,Regular Season,1,2023-10-06,19:45:00,Fenerbahce Beko Istanbul,EA7 Emporio Armani Milan,85,82,"['PUKL,SASA', 'PERUGA, CARLOS', 'NIKOLIC, UROS']",3,Fenerbahce Beko Istanbul,Local
Euroleague,Regular Season,1,2023-10-06,20:15:00,Panathinaikos AKTOR Athens,Olympiacos Piraeus,78,88,"['LOTTERMOSER, ROBERT', 'PEREZ, EMILIO', 'NEDOVIC, MILAN']",-10,Olympiacos Piraeus,Visitante
Euroleague,Regular Season,1,2023-10-06,20:30:00,Valencia Basket,AS Monaco,70,65,"['JAVOR, DAMIR', 'HORDOV, TOMISLAV ', 'PEERANDI, RAIN']",5,Valencia Basket,Local
Euroleague,Regular Season,1,2023-10-06,20:30:00,Baskonia Vitoria-Gasteiz,Real Madrid,77,79,"['BELOSEVIC, ILIJA', 'MOGULKOC, EMIN', 'RACYS, SAULIUS']",-2,Real Madrid,Visitante
Euroleague,Regular Season,2,2023-10-12,19:30:00,Anadolu Efes Istanbul,Real Madrid,80,103,"['BOLTAUZER, MATEJ', 'NIKOLIC, UROS', 'BISSANG, JOSEPH']",-23,Real Madrid,Visitante
Euroleague,Regular Season,2,2023-10-12,20:00:00,LDLC ASVEL Villeurbanne,Partizan Mozzart Bet Belgrade,62,88,"['LOTTERMOSER, ROBERT', 'MOGULKOC, EMIN', 'RADOJKOVIC, JOSIP ']",-26,Partizan Mozzart Bet Belgrade,Visitante
Euroleague,Regular Season,2,2023-10-12,20:00:00,ALBA Berlin,Baskonia Vitoria-Gasteiz,86,91,"['ROCHA, FERNANDO', 'KOLJENSIC, MILOS ', 'TRAWICKI, TOMASZ']",-5,Baskonia Vitoria-Gasteiz,Visitante
Euroleague,Regular Season,2,2023-10-12,20:15:00,Panathinaikos AKTOR Athens,FC Bayern Munich,78,71,"['BELOSEVIC, ILIJA', 'PERUGA, CARLOS', 'MAJKIC, MARIO ']",7,Panathinaikos AKTOR Athens,Local
Euroleague,Regular Season,2,2023-10-13,19:00:00,Zalgiris Kaunas,Crvena Zvezda Meridianbet Belgrade,79,74,"['DIFALLAH, MEHDI', 'NEDOVIC, MILAN', 'CORTES, CARLOS']",5,Zalgiris Kaunas,Local
Euroleague,Regular Season,2,2023-10-13,19:00:00,AS Monaco,Virtus Segafredo Bologna,59,83,"['RADOVIC, SRETEN', 'LATISEVS, OLEGS', 'ALIAGA, JORDI']",-24,Virtus Segafredo Bologna,Visitante
Euroleague,Regular Season,2,2023-10-13,20:15:00,Olympiacos Piraeus,FC Barcelona,68,77,"['PUKL,SASA', 'VILIUS, GYTIS', 'SILVA, SERGIO']",-9,FC Barcelona,Visitante
Euroleague,Regular Season,2,2023-10-13,20:30:00,Valencia Basket,Fenerbahce Beko Istanbul,77,74,"['JOVCIC, MILIVOJE', 'PANTHER, ANNE', 'ZAMOJSKI, JAKUB']",3,Valencia Basket,Local
Euroleague,Regular Season,2,2023-10-31,20:30:00,EA7 Emporio Armani Milan,Maccabi Playtika Tel Aviv,90,98,"['JAVOR, DAMIR', 'PANTHER, ANNE', 'KOWALSKI, MARCIN']",-8,Maccabi Playtika Tel Aviv,Visitante
Euroleague,Regular Season,3,2023-10-17,18:30:00,Partizan Mozzart Bet Belgrade,FC Barcelona,83,92,"['ROCHA, FERNANDO', 'PASTUSIAK, PIOTR', 'SUKYS, ARTURAS']",-9,FC Barcelona,Visitante
Euroleague,Regular Season,3,2023-10-17,19:15:00,Fenerbahce Beko Istanbul,Panathinaikos AKTOR Athens,83,69,"['RADOVIC, SRETEN', 'PATERNICO, CARMELO', 'CICI, GENTIAN']",14,Fenerbahce Beko Istanbul,Local
Euroleague,Regular Season,3,2023-10-17,19:30:00,Anadolu Efes Istanbul,LDLC ASVEL Villeurbanne,89,84,"['PEREZ, EMILIO', 'PETEK, SASO', 'KONSTANTINOVS, KRISTAPS']",5,Anadolu Efes Istanbul,Local
Euroleague,Regular Season,3,2023-10-17,20:30:00,Baskonia Vitoria-Gasteiz,FC Bayern Munich,68,76,"['DIFALLAH, MEHDI', 'FOUFIS, IOANNIS', 'RADOJKOVIC, JOSIP ']",-8,FC Bayern Munich,Visitante
Euroleague,Regular Season,3,2023-10-17,20:45:00,Real Madrid,Zalgiris Kaunas,93,79,"['JAVOR, DAMIR', 'JOVCIC, MILIVOJE', 'KOLJENSIC, MILOS ']",14,Real Madrid,Local
Euroleague,Regular Season,3,2023-10-17,20:45:00,EA7 Emporio Armani Milan,Olympiacos Piraeus,65,53,"['BOLTAUZER, MATEJ', 'LEZCANO, LEANDRO', 'CORTES, CARLOS']",12,EA7 Emporio Armani Milan,Local
Euroleague,Regular Season,3,2023-10-18,20:00:00,Crvena Zvezda Meridianbet Belgrade,AS Monaco,76,82,"['PUKL,SASA', 'RACYS, SAULIUS', 'KARDUM, LUKA']",-6,AS Monaco,Visitante
Euroleague,Regular Season,3,2023-10-18,20:30:00,Virtus Segafredo Bologna,ALBA Berlin,87,76,"['MOGULKOC, EMIN', 'BISSANG, JOSEPH', 'BALAK, AMIT']",11,Virtus Segafredo Bologna,Local
Euroleague,Regular Season,3,2023-10-18,20:30:00,Valencia Basket,Maccabi Playtika Tel Aviv,75,66,"['BELOSEVIC, ILIJA', 'ROSSI, MICHELE', 'TSAROUCHA, VASILIKI']",9,Valencia Basket,Local
Euroleague,Regular Season,4,2023-10-19,19:45:00,Fenerbahce Beko Istanbul,LDLC ASVEL Villeurbanne,101,86,"['BOLTAUZER, MATEJ', 'TRAWICKI, TOMASZ', 'BAENA, ALBERTO']",15,Fenerbahce Beko Istanbul,Local
Euroleague,Regular Season,4,2023-10-19,20:15:00,Olympiacos Piraeus,Partizan Mozzart Bet Belgrade,98,94,"['PATERNICO, CARMELO', 'ALIAGA, JORDI', 'MAJKIC, MARIO ']",4,Olympiacos Piraeus,Local
Euroleague,Regular Season,4,2023-10-19,20:30:00,Baskonia Vitoria-Gasteiz,Zalgiris Kaunas,82,99,"['PASTUSIAK, PIOTR', 'KOWALSKI, MARCIN', 'PEER, ADAR']",-17,Zalgiris Kaunas,Visitante
Euroleague,Regular Season,4,2023-10-19,20:45:00,Real Madrid,EA7 Emporio Armani Milan,88,71,"['RADOVIC, SRETEN', 'VILIUS, GYTIS', 'PETEK, SASO']",17,Real Madrid,Local
Euroleague,Regular Season,4,2023-10-20,19:00:00,AS Monaco,ALBA Berlin,86,75,"['PEREZ, MIGUEL ANGEL', 'SHEMMESH, SEFFI', 'HALLIKO, AARE']",11,AS Monaco,Local
Euroleague,Regular Season,4,2023-10-20,19:30:00,Anadolu Efes Istanbul,Valencia Basket,77,73,"['ROCHA, FERNANDO', 'LATISEVS, OLEGS', 'BISSUEL, THOMAS']",4,Anadolu Efes Istanbul,Local
Euroleague,Regular Season,4,2023-10-20,20:15:00,Panathinaikos AKTOR Athens,Maccabi Playtika Tel Aviv,81,86,"['LOTTERMOSER, ROBERT', 'NIKOLIC, UROS', 'PEERANDI, RAIN']",-5,Maccabi Playtika Tel Aviv,Visitante
Euroleague,Regular Season,4,2023-10-20,20:30:00,Virtus Segafredo Bologna,Crvena Zvezda Meridianbet Belgrade,85,79,"['PERUGA, CARLOS', 'DRAGOJEVIC, IGOR', 'THEPENIER, HUGUES']",6,Virtus Segafredo Bologna,Local
Euroleague,Regular Season,4,2023-10-20,20:30:00,FC Barcelona,FC Bayern Munich,98,59,"['HORDOV, TOMISLAV ', 'UDYANSKYY, EDUARD', 'OBRKNEZEVIC, UROS ']",39,FC Barcelona,Local
Euroleague,Regular Season,5,2023-10-26,18:30:00,Partizan Mozzart Bet Belgrade,Crvena Zvezda Meridianbet Belgrade,88,86,"['PEREZ, MIGUEL ANGEL', 'VILIUS, GYTIS', 'PEERANDI, RAIN']",2,Partizan Mozzart Bet Belgrade,Local
Euroleague,Regular Season,5,2023-10-26,20:00:00,ALBA Berlin,EA7 Emporio Armani Milan,85,82,"['PEREZ, EMILIO', 'DRAGOJEVIC, IGOR', 'HADZIC, DENIS']",3,ALBA Berlin,Local
Euroleague,Regular Season,5,2023-10-26,20:45:00,Real Madrid,FC Barcelona,65,64,"['BELOSEVIC, ILIJA', 'NEDOVIC, MILAN', 'KARDUM, LUKA']",1,Real Madrid,Local
Euroleague,Regular Season,5,2023-10-26,21:00:00,AS Monaco,Maccabi Playtika Tel Aviv,107,79,"['PERUGA, CARLOS', 'PASTUSIAK, PIOTR', 'SUKYS, ARTURAS']",28,AS Monaco,Local
Euroleague,Regular Season,5,2023-10-26,21:00:00,Olympiacos Piraeus,Anadolu Efes Istanbul,75,57,"['GARCIA, JUAN CARLOS', 'DIFALLAH, MEHDI', 'KOLJENSIC, MILOS ']",18,Olympiacos Piraeus,Local
Euroleague,Regular Season,5,2023-10-27,19:00:00,Zalgiris Kaunas,Valencia Basket,72,87,"['MOGULKOC, EMIN', 'PANTHER, ANNE', 'CELIK, HUSEYIN']",-15,Valencia Basket,Visitante
Euroleague,Regular Season,5,2023-10-27,20:00:00,LDLC ASVEL Villeurbanne,Virtus Segafredo Bologna,84,87,"['PUKL,SASA', 'ZAMOJSKI, JAKUB', 'LEZCANO, LEANDRO']",-3,Virtus Segafredo Bologna,Visitante
Euroleague,Regular Season,5,2023-10-27,20:15:00,Panathinaikos AKTOR Athens,Baskonia Vitoria-Gasteiz,95,81,"['JAVOR, DAMIR', 'HORDOV, TOMISLAV ', 'BOUBERT, MAXIME']",14,Panathinaikos AKTOR Athens,Local
Euroleague,Regular Season,5,2023-10-27,20:30:00,FC Bayern Munich,Fenerbahce Beko Istanbul,67,76,"['LATISEVS, OLEGS', 'ALIAGA, JORDI', 'VAN DEN BROECK, NICK']",-9,Fenerbahce Beko Istanbul,Visitante
Euroleague,Regular Season,6,2023-11-02,18:30:00,Crvena Zvezda Meridianbet Belgrade,FC Bayern Munich,74,68,"['PEREZ, EMILIO', 'ROSSI, MICHELE', 'SILVA, SERGIO']",6,Crvena Zvezda Meridianbet Belgrade,Local
Euroleague,Regular Season,6,2023-11-02,18:45:00,Fenerbahce Beko Istanbul,Olympiacos Piraeus,79,77,"['ROCHA, FERNANDO', 'NIKOLIC, UROS', 'PETEK, SASO']",2,Fenerbahce Beko Istanbul,Local
Euroleague,Regular Season,6,2023-11-02,19:00:00,Zalgiris Kaunas,LDLC ASVEL Villeurbanne,88,91,"['PATERNICO, CARMELO', 'SHEMMESH, SEFFI', 'CLIVAZ, SEBASTIEN']",-3,LDLC ASVEL Villeurbanne,Visitante
Euroleague,Regular Season,6,2023-11-02,20:30:00,Valencia Basket,ALBA Berlin,79,71,"['HORDOV, TOMISLAV ', 'VYKLICKY, ROBERT', 'UDYANSKYY, EDUARD']",8,Valencia Basket,Local
Euroleague,Regular Season,6,2023-11-02,20:30:00,EA7 Emporio Armani Milan,AS Monaco,66,72,"['GARCIA, JUAN CARLOS', 'PEERANDI, RAIN', 'MAJKIC, MARIO ']",-6,AS Monaco,Visitante
Euroleague,Regular Season,6,2023-11-03,20:30:00,Virtus Segafredo Bologna,Anadolu Efes Istanbul,93,81,"['PEREZ, MIGUEL ANGEL', 'RACYS, SAULIUS', 'POROBIC, DRAGAN']",12,Virtus Segafredo Bologna,Local
Euroleague,Regular Season,6,2023-11-03,20:30:00,Baskonia Vitoria-Gasteiz,Partizan Mozzart Bet Belgrade,84,83,"['LOTTERMOSER, ROBERT', 'NEDOVIC, MILAN', 'LAURINAVICIUS, JURGIS']",1,Baskonia Vitoria-Gasteiz,Local
Euroleague,Regular Season,6,2023-11-03,20:30:00,FC Barcelona,Panathinaikos AKTOR Athens,80,72,"['RADOVIC, SRETEN', 'LATISEVS, OLEGS', 'BISSANG, JOSEPH']",8,FC Barcelona,Local
Euroleague,Regular Season,6,2023-11-28,20:15:00,Maccabi Playtika Tel Aviv,Real Madrid,70,99,"['BOLTAUZER, MATEJ', 'DIFALLAH, MEHDI', 'FOUFIS, IOANNIS']",-29,Real Madrid,Visitante
Euroleague,Regular Season,7,2023-11-09,18:15:00,Olympiacos Piraeus,Baskonia Vitoria-Gasteiz,74,75,"['BELOSEVIC, ILIJA', 'ZAMOJSKI, JAKUB', 'KONSTANTINOVS, KRISTAPS']",-1,Baskonia Vitoria-Gasteiz,Visitante
Euroleague,Regular Season,7,2023-11-09,18:30:00,Anadolu Efes Istanbul,Zalgiris Kaunas,86,82,"['PEREZ, EMILIO', 'CORTES, CARLOS', 'JURAS, MARKO']",4,Anadolu Efes Istanbul,Local
Euroleague,Regular Season,7,2023-11-09,20:05:00,Maccabi Playtika Tel Aviv,FC Bayern Munich,93,90,"['PUKL,SASA', 'TRAWICKI, TOMASZ', 'CELIK, HUSEYIN']",3,Maccabi Playtika Tel Aviv,Local
Euroleague,Regular Season,7,2023-11-09,20:30:00,Partizan Mozzart Bet Belgrade,Fenerbahce Beko Istanbul,85,84,"['PERUGA, CARLOS', 'KOWALSKI, MARCIN', 'BISSUEL, THOMAS']",1,Partizan Mozzart Bet Belgrade,Local
Euroleague,Regular Season,7,2023-11-09,20:30:00,EA7 Emporio Armani Milan,Valencia Basket,83,52,"['LOTTERMOSER, ROBERT', 'PASTUSIAK, PIOTR', 'GORDON, NOAM']",31,EA7 Emporio Armani Milan,Local
Euroleague,Regular Season,7,2023-11-09,20:45:00,Real Madrid,Virtus Segafredo Bologna,100,74,"['SHEMMESH, SEFFI', 'KOLJENSIC, MILOS ', 'BITTNER, STEVE']",26,Real Madrid,Local
Euroleague,Regular Season,7,2023-11-10,20:00:00,ALBA Berlin,Panathinaikos AKTOR Athens,85,99,"['NEDOVIC, MILAN', 'KARDUM, LUKA', 'BAENA, ALBERTO']",-14,Panathinaikos AKTOR Athens,Visitante
Euroleague,Regular Season,7,2023-11-10,20:30:00,FC Barcelona,Crvena Zvezda Meridianbet Belgrade,86,81,"['JAVOR, DAMIR', 'PATERNICO, CARMELO', 'VYKLICKY, ROBERT']",5,FC Barcelona,Local
Euroleague,Regular Season,7,2023-11-10,21:00:00,AS Monaco,LDLC ASVEL Villeurbanne,80,70,"['MOGULKOC, EMIN', 'CICI, GENTIAN', 'GIOVANNETTI, GUIDO']",10,AS Monaco,Local
Euroleague,Regular Season,8,2023-11-14,19:00:00,AS Monaco,Anadolu Efes Istanbul,82,89,"['PUKL,SASA', 'KARDUM, LUKA', 'UDYANSKYY, EDUARD']",-7,Anadolu Efes Istanbul,Visitante
Euroleague,Regular Season,8,2023-11-14,20:05:00,Maccabi Playtika Tel Aviv,Olympiacos Piraeus,74,79,"['LOTTERMOSER, ROBERT', 'RACYS, SAULIUS', 'PEERANDI, RAIN']",-5,Olympiacos Piraeus,Visitante
Euroleague,Regular Season,8,2023-11-14,20:30:00,Virtus Segafredo Bologna,EA7 Emporio Armani Milan,86,79,"['PERUGA, CARLOS', 'SUKYS, ARTURAS', 'ALIAGA, JORDI']",7,Virtus Segafredo Bologna,Local
Euroleague,Regular Season,8,2023-11-14,20:30:00,Valencia Basket,Real Madrid,73,76,"['RADOVIC, SRETEN', 'LAURINAVICIUS, JURGIS', 'HALLIKO, AARE']",-3,Real Madrid,Visitante
Euroleague,Regular Season,8,2023-11-14,20:45:00,Crvena Zvezda Meridianbet Belgrade,Fenerbahce Beko Istanbul,87,56,"['DIFALLAH, MEHDI', 'NEDOVIC, MILAN', 'GIOVANNETTI, GUIDO']",31,Crvena Zvezda Meridianbet Belgrade,Local
Euroleague,Regular Season,8,2023-11-15,20:00:00,ALBA Berlin,LDLC ASVEL Villeurbanne,68,73,"['JOVCIC, MILIVOJE', 'FOUFIS, IOANNIS', 'BALAK, AMIT']",-5,LDLC ASVEL Villeurbanne,Visitante
Euroleague,Regular Season,8,2023-11-15,20:15:00,Panathinaikos AKTOR Athens,Zalgiris Kaunas,73,71,"['GARCIA, JUAN CARLOS', 'KOLJENSIC, MILOS ', 'ROSSI, MICHELE']",2,Panathinaikos AKTOR Athens,Local
Euroleague,Regular Season,8,2023-11-15,20:30:00,Baskonia Vitoria-Gasteiz,FC Barcelona,94,71,"['MOGULKOC, EMIN', 'PETEK, SASO', 'BOUBERT, MAXIME']",23,Baskonia Vitoria-Gasteiz,Local
Euroleague,Regular Season,8,2023-11-15,20:30:00,FC Bayern Munich,Partizan Mozzart Bet Belgrade,94,85,"['ROCHA, FERNANDO', 'HORDOV, TOMISLAV ', 'KONSTANTINOVS, KRISTAPS']",9,FC Bayern Munich,Local
Euroleague,Regular Season,9,2023-11-16,20:05:00,Maccabi Playtika Tel Aviv,Fenerbahce Beko Istanbul,78,73,"['BELOSEVIC, ILIJA', 'BISSANG, JOSEPH', 'OBRKNEZEVIC, UROS ']",5,Maccabi Playtika Tel Aviv,Local
Euroleague,Regular Season,9,2023-11-16,20:15:00,Olympiacos Piraeus,Crvena Zvezda Meridianbet Belgrade,88,83,"['LATISEVS, OLEGS', 'TRAWICKI, TOMASZ', 'RADOJKOVIC, JOSIP ']",5,Olympiacos Piraeus,Local
Euroleague,Regular Season,9,2023-11-16,20:30:00,EA7 Emporio Armani Milan,Anadolu Efes Istanbul,92,76,"['RADOVIC, SRETEN', 'NIKOLIC, UROS', 'VYKLICKY, ROBERT']",16,EA7 Emporio Armani Milan,Local
Euroleague,Regular Season,9,2023-11-16,20:45:00,Real Madrid,AS Monaco,91,73,"['JAVOR, DAMIR', 'SILVA, SERGIO', 'TSAROUCHA, VASILIKI']",18,Real Madrid,Local
Euroleague,Regular Season,9,2023-11-17,19:00:00,Zalgiris Kaunas,FC Bayern Munich,74,73,"['PEREZ, MIGUEL ANGEL', 'KOWALSKI, MARCIN', 'BAENA, ALBERTO']",1,Zalgiris Kaunas,Local
Euroleague,Regular Season,9,2023-11-17,20:00:00,LDLC ASVEL Villeurbanne,Baskonia Vitoria-Gasteiz,81,88,"['PASTUSIAK, PIOTR', 'PANTHER, ANNE', 'POROBIC, DRAGAN']",-7,Baskonia Vitoria-Gasteiz,Visitante
Euroleague,Regular Season,9,2023-11-17,20:15:00,Panathinaikos AKTOR Athens,Virtus Segafredo Bologna,90,76,"['BOLTAUZER, MATEJ', 'DIFALLAH, MEHDI', 'CORTES, CARLOS']",14,Panathinaikos AKTOR Athens,Local
Euroleague,Regular Season,9,2023-11-17,20:30:00,FC Barcelona,Valencia Basket,74,70,"['ROCHA, FERNANDO', 'DRAGOJEVIC, IGOR', 'BITTNER, STEVE']",4,FC Barcelona,Local
Euroleague,Regular Season,9,2023-11-17,20:45:00,Partizan Mozzart Bet Belgrade,ALBA Berlin,89,74,"['PEREZ, EMILIO', 'ZAMOJSKI, JAKUB', 'BOUBERT, MAXIME']",15,Partizan Mozzart Bet Belgrade,Local
Euroleague,Regular Season,10,2023-11-23,20:00:00,LDLC ASVEL Villeurbanne,FC Bayern Munich,100,101,"['PERUGA, CARLOS', 'PEREZ, EMILIO', 'CLIVAZ, SEBASTIEN']",-1,FC Bayern Munich,Visitante
Euroleague,Regular Season,10,2023-11-23,20:05:00,Maccabi Playtika Tel Aviv,FC Barcelona,90,92,"['DIFALLAH, MEHDI', 'NEDOVIC, MILAN', 'THEPENIER, HUGUES']",-2,FC Barcelona,Visitante
Euroleague,Regular Season,10,2023-11-23,20:15:00,Panathinaikos AKTOR Athens,Valencia Basket,90,73,"['BELOSEVIC, ILIJA', 'SHEMMESH, SEFFI', 'VILIUS, GYTIS']",17,Panathinaikos AKTOR Athens,Local
Euroleague,Regular Season,10,2023-11-23,20:30:00,Virtus Segafredo Bologna,Fenerbahce Beko Istanbul,87,79,"['GARCIA, JUAN CARLOS', 'JOVCIC, MILIVOJE', 'BALAK, AMIT']",8,Virtus Segafredo Bologna,Local
Euroleague,Regular Season,10,2023-11-23,20:45:00,Real Madrid,ALBA Berlin,99,75,"['PUKL,SASA', 'PATERNICO, CARMELO', 'PITSILKAS, VASSILIS']",24,Real Madrid,Local
Euroleague,Regular Season,10,2023-11-24,18:30:00,Anadolu Efes Istanbul,Partizan Mozzart Bet Belgrade,100,94,"['PEREZ, MIGUEL ANGEL', 'BISSANG, JOSEPH', 'DRAGOJEVIC, IGOR']",6,Anadolu Efes Istanbul,Local
Euroleague,Regular Season,10,2023-11-24,20:15:00,Olympiacos Piraeus,Zalgiris Kaunas,89,72,"['JAVOR, DAMIR', 'NIKOLIC, UROS', 'CICI, GENTIAN']",17,Olympiacos Piraeus,Local
Euroleague,Regular Season,10,2023-11-24,20:30:00,Baskonia Vitoria-Gasteiz,AS Monaco,75,77,"['LOTTERMOSER, ROBERT', 'HORDOV, TOMISLAV ', 'OBRKNEZEVIC, UROS ']",-2,AS Monaco,Visitante
Euroleague,Regular Season,10,2023-11-24,20:30:00,Crvena Zvezda Meridianbet Belgrade,EA7 Emporio Armani Milan,71,93,"['MOGULKOC, EMIN', 'FOUFIS, IOANNIS', 'RACYS, SAULIUS']",-22,EA7 Emporio Armani Milan,Visitante
Euroleague,Regular Season,11,2023-11-30,18:45:00,Fenerbahce Beko Istanbul,Real Madrid,100,99,"['LOTTERMOSER, ROBERT', 'KOLJENSIC, MILOS ', 'KARDUM, LUKA']",1,Fenerbahce Beko Istanbul,Local
Euroleague,Regular Season,11,2023-11-30,19:00:00,AS Monaco,Olympiacos Piraeus,85,77,"['PERUGA, CARLOS', 'PASTUSIAK, PIOTR', 'SUKYS, ARTURAS']",8,AS Monaco,Local
Euroleague,Regular Season,11,2023-11-30,20:05:00,Maccabi Playtika Tel Aviv,ALBA Berlin,102,81,"['PEREZ, MIGUEL ANGEL', 'JAVOR, DAMIR', 'RADOJKOVIC, JOSIP ']",21,Maccabi Playtika Tel Aviv,Local
Euroleague,Regular Season,11,2023-11-30,20:30:00,EA7 Emporio Armani Milan,Zalgiris Kaunas,70,83,"['BELOSEVIC, ILIJA', 'JOVCIC, MILIVOJE', 'CELIK, HUSEYIN']",-13,Zalgiris Kaunas,Visitante
Euroleague,Regular Season,11,2023-11-30,20:30:00,FC Bayern Munich,Virtus Segafredo Bologna,90,76,"['RADOVIC, SRETEN', 'ZAMOJSKI, JAKUB', 'RACYS, SAULIUS']",14,FC Bayern Munich,Local
Euroleague,Regular Season,11,2023-11-30,20:45:00,Partizan Mozzart Bet Belgrade,Panathinaikos AKTOR Athens,92,87,"['MOGULKOC, EMIN', 'LATISEVS, OLEGS', 'ALIAGA, JORDI']",5,Partizan Mozzart Bet Belgrade,Local
Euroleague,Regular Season,11,2023-12-01,20:00:00,Crvena Zvezda Meridianbet Belgrade,Anadolu Efes Istanbul,97,83,"['PATERNICO, CARMELO', 'CORTES, CARLOS', 'BAENA, ALBERTO']",14,Crvena Zvezda Meridianbet Belgrade,Local
Euroleague,Regular Season,11,2023-12-01,20:30:00,Valencia Basket,Baskonia Vitoria-Gasteiz,84,98,"['BOLTAUZER, MATEJ', 'DIFALLAH, MEHDI', 'CICI, GENTIAN']",-14,Baskonia Vitoria-Gasteiz,Visitante
Euroleague,Regular Season,11,2023-12-01,20:30:00,FC Barcelona,LDLC ASVEL Villeurbanne,101,92,"['HORDOV, TOMISLAV ', 'VILIUS, GYTIS', 'VYKLICKY, ROBERT']",9,FC Barcelona,Local
Euroleague,Regular Season,12,2023-12-05,18:30:00,Anadolu Efes Istanbul,Panathinaikos AKTOR Athens,71,68,"['RADOVIC, SRETEN', 'PERUGA, CARLOS', 'PEERANDI, RAIN']",3,Anadolu Efes Istanbul,Local
Euroleague,Regular Season,12,2023-12-05,20:00:00,ALBA Berlin,Zalgiris Kaunas,64,62,"['MOGULKOC, EMIN', 'ZAMOJSKI, JAKUB', 'GORDON, NOAM']",2,ALBA Berlin,Local
Euroleague,Regular Season,12,2023-12-05,20:15:00,Olympiacos Piraeus,Real Madrid,71,77,"['BELOSEVIC, ILIJA', 'HORDOV, TOMISLAV ', 'ROSSI, MICHELE']",-6,Real Madrid,Visitante
Euroleague,Regular Season,12,2023-12-05,20:30:00,Partizan Mozzart Bet Belgrade,AS Monaco,89,85,"['GARCIA, JUAN CARLOS', 'BOLTAUZER, MATEJ', 'GIOVANNETTI, GUIDO']",4,Partizan Mozzart Bet Belgrade,Local
Euroleague,Regular Season,12,2023-12-05,20:30:00,FC Bayern Munich,EA7 Emporio Armani Milan,91,84,"['PUKL,SASA', 'OBRKNEZEVIC, UROS ', 'PETEK, SASO']",7,FC Bayern Munich,Local
Euroleague,Regular Season,12,2023-12-06,20:15:00,LDLC ASVEL Villeurbanne,Maccabi Playtika Tel Aviv,91,94,"['ALIAGA, JORDI', 'JOVCIC, MILIVOJE', 'HALLIKO, AARE']",-3,Maccabi Playtika Tel Aviv,Visitante
Euroleague,Regular Season,12,2023-12-06,20:30:00,Virtus Segafredo Bologna,FC Barcelona,80,75,"['LOTTERMOSER, ROBERT', 'FOUFIS, IOANNIS', 'BOUBERT, MAXIME']",5,Virtus Segafredo Bologna,Local
Euroleague,Regular Season,12,2023-12-06,20:30:00,Valencia Basket,Crvena Zvezda Meridianbet Belgrade,85,81,"['SUKYS, ARTURAS', 'JAVOR, DAMIR', 'RADOJKOVIC, JOSIP ']",4,Valencia Basket,Local
Euroleague,Regular Season,12,2023-12-06,20:30:00,Baskonia Vitoria-Gasteiz,Fenerbahce Beko Istanbul,80,79,"['ROCHA, FERNANDO', 'BISSANG, JOSEPH', 'DRAGOJEVIC, IGOR']",1,Baskonia Vitoria-Gasteiz,Local
Euroleague,Regular Season,13,2023-12-07,20:00:00,ALBA Berlin,Anadolu Efes Istanbul,89,97,"['GARCIA, JUAN CARLOS', 'LAURINAVICIUS, JURGIS', 'LEZCANO, LEANDRO']",-8,Anadolu Efes Istanbul,Visitante
Euroleague,Regular Season,13,2023-12-07,20:15:00,Panathinaikos AKTOR Athens,Real Madrid,78,90,"['DIFALLAH, MEHDI', 'RACYS, SAULIUS', 'CICI, GENTIAN']",-12,Real Madrid,Visitante
Euroleague,Regular Season,13,2023-12-07,20:30:00,Partizan Mozzart Bet Belgrade,EA7 Emporio Armani Milan,82,69,"['RADOVIC, SRETEN', 'CORTES, CARLOS', 'MAJKIC, MARIO ']",13,Partizan Mozzart Bet Belgrade,Local
Euroleague,Regular Season,13,2023-12-08,19:00:00,Zalgiris Kaunas,AS Monaco,79,83,"['PEREZ, MIGUEL ANGEL', 'LATISEVS, OLEGS', 'PANTHER, ANNE']",-4,AS Monaco,Visitante
Euroleague,Regular Season,13,2023-12-08,20:15:00,Olympiacos Piraeus,FC Bayern Munich,77,69,"['BOLTAUZER, MATEJ', 'ALIAGA, JORDI', 'DRAGOJEVIC, IGOR']",8,Olympiacos Piraeus,Local
Euroleague,Regular Season,13,2023-12-08,20:30:00,Virtus Segafredo Bologna,Maccabi Playtika Tel Aviv,100,90,"['ROCHA, FERNANDO', 'PASTUSIAK, PIOTR', 'VILIUS, GYTIS']",10,Virtus Segafredo Bologna,Local
Euroleague,Regular Season,13,2023-12-08,20:30:00,Baskonia Vitoria-Gasteiz,Crvena Zvezda Meridianbet Belgrade,87,85,"['ZAMOJSKI, JAKUB', 'VYKLICKY, ROBERT', 'BITTNER, STEVE']",2,Baskonia Vitoria-Gasteiz,Local
Euroleague,Regular Season,13,2023-12-08,20:30:00,FC Barcelona,Fenerbahce Beko Istanbul,89,81,"['JAVOR, DAMIR', 'JOVCIC, MILIVOJE', 'SUKYS, ARTURAS']",8,FC Barcelona,Local
Euroleague,Regular Season,13,2023-12-08,21:00:00,LDLC ASVEL Villeurbanne,Valencia Basket,55,78,"['PUKL,SASA', 'KOLJENSIC, MILOS ', 'TSAROUCHA, VASILIKI']",-23,Valencia Basket,Visitante
Euroleague,Regular Season,14,2023-12-14,19:00:00,Crvena Zvezda Meridianbet Belgrade,ALBA Berlin,85,71,"['ROCHA, FERNANDO', 'PERUGA, CARLOS', 'KOWALSKI, MARCIN']",14,Crvena Zvezda Meridianbet Belgrade,Local
Euroleague,Regular Season,14,2023-12-14,19:00:00,Zalgiris Kaunas,Partizan Mozzart Bet Belgrade,85,93,"['PUKL,SASA', 'PEREZ, EMILIO', 'VAN DEN BROECK, NICK']",-8,Partizan Mozzart Bet Belgrade,Visitante
Euroleague,Regular Season,14,2023-12-14,20:05:00,Maccabi Playtika Tel Aviv,Anadolu Efes Istanbul,95,86,"['PEREZ, MIGUEL ANGEL', 'TRAWICKI, TOMASZ', 'OBRKNEZEVIC, UROS ']",9,Maccabi Playtika Tel Aviv,Local
Euroleague,Regular Season,14,2023-12-14,20:30:00,Baskonia Vitoria-Gasteiz,Virtus Segafredo Bologna,81,91,"['LATISEVS, OLEGS', 'NIKOLIC, UROS', 'HADZIC, DENIS']",-10,Virtus Segafredo Bologna,Visitante
Euroleague,Regular Season,14,2023-12-14,20:45:00,Real Madrid,FC Bayern Munich,88,73,"['NEDOVIC, MILAN', 'KARDUM, LUKA', 'PEER, ADAR']",15,Real Madrid,Local
Euroleague,Regular Season,14,2023-12-14,21:00:00,LDLC ASVEL Villeurbanne,Panathinaikos AKTOR Athens,81,89,"['BOLTAUZER, MATEJ', 'PATERNICO, CARMELO', 'BAENA, ALBERTO']",-8,Panathinaikos AKTOR Athens,Visitante
Euroleague,Regular Season,14,2023-12-15,18:45:00,Fenerbahce Beko Istanbul,AS Monaco,86,74,"['HORDOV, TOMISLAV ', 'VILIUS, GYTIS', 'ROSSI, MICHELE']",12,Fenerbahce Beko Istanbul,Local
Euroleague,Regular Season,14,2023-12-15,20:15:00,Olympiacos Piraeus,Valencia Basket,56,63,"['RADOVIC, SRETEN', 'BISSANG, JOSEPH', 'SILVA, SERGIO']",-7,Valencia Basket,Visitante
Euroleague,Regular Season,14,2023-12-15,20:30:00,FC Barcelona,EA7 Emporio Armani Milan,86,90,"['BELOSEVIC, ILIJA', 'PANTHER, ANNE', 'KONSTANTINOVS, KRISTAPS']",-4,EA7 Emporio Armani Milan,Visitante
Euroleague,Regular Season,15,2023-12-19,19:00:00,Crvena Zvezda Meridianbet Belgrade,Real Madrid,58,72,"['MOGULKOC, EMIN', 'TRAWICKI, TOMASZ', 'SILVA, SERGIO']",-14,Real Madrid,Visitante
Euroleague,Regular Season,15,2023-12-19,20:00:00,ALBA Berlin,FC Barcelona,74,70,"['VILIUS, GYTIS', 'RACYS, SAULIUS', 'GIOVANNETTI, GUIDO']",4,ALBA Berlin,Local
Euroleague,Regular Season,15,2023-12-19,20:05:00,Maccabi Playtika Tel Aviv,Baskonia Vitoria-Gasteiz,89,81,"['BOLTAUZER, MATEJ', 'JOVCIC, MILIVOJE', 'TSAROUCHA, VASILIKI']",8,Maccabi Playtika Tel Aviv,Local
Euroleague,Regular Season,15,2023-12-19,20:30:00,Virtus Segafredo Bologna,Olympiacos Piraeus,69,67,"['JAVOR, DAMIR', 'PERUGA, CARLOS', 'NEDOVIC, MILAN']",2,Virtus Segafredo Bologna,Local
Euroleague,Regular Season,15,2023-12-19,21:00:00,Valencia Basket,Partizan Mozzart Bet Belgrade,67,72,"['ROCHA, FERNANDO', 'PASTUSIAK, PIOTR', 'LEZCANO, LEANDRO']",-5,Partizan Mozzart Bet Belgrade,Visitante
Euroleague,Regular Season,15,2023-12-20,18:30:00,Fenerbahce Beko Istanbul,Zalgiris Kaunas,80,78,"['GARCIA, JUAN CARLOS', 'PEERANDI, RAIN', 'BISSUEL, THOMAS']",2,Fenerbahce Beko Istanbul,Local
Euroleague,Regular Season,15,2023-12-20,19:00:00,AS Monaco,Panathinaikos AKTOR Athens,90,91,"['PEREZ, EMILIO', 'ZAMOJSKI, JAKUB', 'KOLJENSIC, MILOS ']",-1,Panathinaikos AKTOR Athens,Visitante
Euroleague,Regular Season,15,2023-12-20,20:30:00,FC Bayern Munich,Anadolu Efes Istanbul,86,71,"['DIFALLAH, MEHDI', 'CORTES, CARLOS', 'ROSSI, MICHELE']",15,FC Bayern Munich,Local
Euroleague,Regular Season,15,2023-12-20,20:30:00,EA7 Emporio Armani Milan,LDLC ASVEL Villeurbanne,84,61,"['PEREZ, MIGUEL ANGEL', 'NIKOLIC, UROS', 'UDYANSKYY, EDUARD']",23,EA7 Emporio Armani Milan,Local
Euroleague,Regular Season,16,2023-12-21,20:05:00,Maccabi Playtika Tel Aviv,Crvena Zvezda Meridianbet Belgrade,92,98,"['RADOVIC, SRETEN', 'ALIAGA, JORDI', 'BAENA, ALBERTO']",-6,Crvena Zvezda Meridianbet Belgrade,Visitante
Euroleague,Regular Season,16,2023-12-21,20:30:00,Valencia Basket,Virtus Segafredo Bologna,79,71,"['HORDOV, TOMISLAV ', 'VYKLICKY, ROBERT', 'PITSILKAS, VASSILIS']",8,Valencia Basket,Local
Euroleague,Regular Season,16,2023-12-21,20:45:00,Real Madrid,Partizan Mozzart Bet Belgrade,91,75,"['LOTTERMOSER, ROBERT', 'BISSANG, JOSEPH', 'KONSTANTINOVS, KRISTAPS']",16,Real Madrid,Local
Euroleague,Regular Season,16,2023-12-22,18:15:00,Anadolu Efes Istanbul,Baskonia Vitoria-Gasteiz,80,87,"['BELOSEVIC, ILIJA', 'PEERANDI, RAIN', 'BISSUEL, THOMAS']",-7,Baskonia Vitoria-Gasteiz,Visitante
Euroleague,Regular Season,16,2023-12-22,19:00:00,Zalgiris Kaunas,FC Barcelona,80,85,"['PATERNICO, CARMELO', 'PETEK, SASO', 'THEPENIER, HUGUES']",-5,FC Barcelona,Visitante
Euroleague,Regular Season,16,2023-12-22,19:45:00,LDLC ASVEL Villeurbanne,Olympiacos Piraeus,73,85,"['LATISEVS, OLEGS', 'PANTHER, ANNE', 'SHEMMESH, SEFFI']",-12,Olympiacos Piraeus,Visitante
Euroleague,Regular Season,16,2023-12-22,20:15:00,ALBA Berlin,Fenerbahce Beko Istanbul,82,91,"['DIFALLAH, MEHDI', 'FOUFIS, IOANNIS', 'BALAK, AMIT']",-9,Fenerbahce Beko Istanbul,Visitante
Euroleague,Regular Season,16,2023-12-22,20:30:00,FC Bayern Munich,AS Monaco,80,91,"['PUKL,SASA', 'SUKYS, ARTURAS', 'HALLIKO, AARE']",-11,AS Monaco,Visitante
Euroleague,Regular Season,16,2023-12-22,20:45:00,EA7 Emporio Armani Milan,Panathinaikos AKTOR Athens,68,76,"['JAVOR, DAMIR', 'NEDOVIC, MILAN', 'BOUBERT, MAXIME']",-8,Panathinaikos AKTOR Athens,Visitante
Euroleague,Regular Season,17,2023-12-28,18:30:00,Partizan Mozzart Bet Belgrade,Virtus Segafredo Bologna,75,77,"['MOGULKOC, EMIN', 'SUKYS, ARTURAS', 'UDYANSKYY, EDUARD']",-2,Virtus Segafredo Bologna,Visitante
Euroleague,Regular Season,17,2023-12-28,18:30:00,Anadolu Efes Istanbul,Fenerbahce Beko Istanbul,84,89,"['RADOVIC, SRETEN', 'NIKOLIC, UROS', 'PETEK, SASO']",-5,Fenerbahce Beko Istanbul,Visitante
Euroleague,Regular Season,17,2023-12-28,19:00:00,Zalgiris Kaunas,Maccabi Playtika Tel Aviv,70,78,"['JAVOR, DAMIR', 'CORTES, CARLOS', 'SILVA, SERGIO']",-8,Maccabi Playtika Tel Aviv,Visitante
Euroleague,Regular Season,17,2023-12-28,20:00:00,LDLC ASVEL Villeurbanne,Real Madrid,76,77,"['PASTUSIAK, PIOTR', 'LAURINAVICIUS, JURGIS', 'CELIK, HUSEYIN']",-1,Real Madrid,Visitante
Euroleague,Regular Season,17,2023-12-28,20:15:00,Panathinaikos AKTOR Athens,Crvena Zvezda Meridianbet Belgrade,82,65,"['LOTTERMOSER, ROBERT', 'BISSANG, JOSEPH', 'MAJKIC, MARIO ']",17,Panathinaikos AKTOR Athens,Local
Euroleague,Regular Season,17,2023-12-28,20:30:00,FC Bayern Munich,Valencia Basket,85,84,"['BELOSEVIC, ILIJA', 'RACYS, SAULIUS', 'HADZIC, DENIS']",1,FC Bayern Munich,Local
Euroleague,Regular Season,17,2023-12-28,20:30:00,EA7 Emporio Armani Milan,Baskonia Vitoria-Gasteiz,76,67,"['DIFALLAH, MEHDI', 'VILIUS, GYTIS', 'RADOJKOVIC, JOSIP ']",9,EA7 Emporio Armani Milan,Local
Euroleague,Regular Season,17,2023-12-29,20:00:00,ALBA Berlin,Olympiacos Piraeus,67,94,"['HORDOV, TOMISLAV ', 'KOLJENSIC, MILOS ', 'KONSTANTINOVS, KRISTAPS']",-27,Olympiacos Piraeus,Visitante
Euroleague,Regular Season,17,2023-12-29,21:00:00,AS Monaco,FC Barcelona,91,71,"['ROCHA, FERNANDO', 'KARDUM, LUKA', 'PEER, ADAR']",20,AS Monaco,Local
Euroleague,Regular Season,18,2024-01-02,18:45:00,Fenerbahce Beko Istanbul,Crvena Zvezda Meridianbet Belgrade,76,85,"['ZAMOJSKI, JAKUB', 'DRAGOJEVIC, IGOR', 'BOUBERT, MAXIME']",-9,Crvena Zvezda Meridianbet Belgrade,Visitante
Euroleague,Regular Season,18,2024-01-02,19:00:00,Zalgiris Kaunas,ALBA Berlin,77,71,"['PERUGA, CARLOS', 'PETEK, SASO', 'UDYANSKYY, EDUARD']",6,Zalgiris Kaunas,Local
Euroleague,Regular Season,18,2024-01-02,20:05:00,Maccabi Playtika Tel Aviv,AS Monaco,93,83,"['BELOSEVIC, ILIJA', 'NEDOVIC, MILAN', 'RACYS, SAULIUS']",10,Maccabi Playtika Tel Aviv,Local
Euroleague,Regular Season,18,2024-01-02,20:15:00,Olympiacos Piraeus,EA7 Emporio Armani Milan,79,74,"['LOTTERMOSER, ROBERT', 'PUKL,SASA', 'KARDUM, LUKA']",5,Olympiacos Piraeus,Local
Euroleague,Regular Season,18,2024-01-02,20:45:00,Partizan Mozzart Bet Belgrade,LDLC ASVEL Villeurbanne,90,77,"['PEREZ, MIGUEL ANGEL', 'FOUFIS, IOANNIS', 'VILIUS, GYTIS']",13,Partizan Mozzart Bet Belgrade,Local
Euroleague,Regular Season,18,2024-01-03,19:30:00,Valencia Basket,Anadolu Efes Istanbul,93,88,"['JAVOR, DAMIR', 'BISSANG, JOSEPH', 'SUKYS, ARTURAS']",5,Valencia Basket,Local
Euroleague,Regular Season,18,2024-01-03,20:30:00,Virtus Segafredo Bologna,FC Bayern Munich,85,83,"['NIKOLIC, UROS', 'MAJKIC, MARIO ', 'BAENA, ALBERTO']",2,Virtus Segafredo Bologna,Local
Euroleague,Regular Season,18,2024-01-03,20:30:00,Baskonia Vitoria-Gasteiz,Panathinaikos AKTOR Athens,75,73,"['PATERNICO, CARMELO', 'PANTHER, ANNE', 'THEPENIER, HUGUES']",2,Baskonia Vitoria-Gasteiz,Local
Euroleague,Regular Season,18,2024-01-03,21:00:00,FC Barcelona,Real Madrid,83,78,"['MOGULKOC, EMIN', 'DIFALLAH, MEHDI', 'KONSTANTINOVS, KRISTAPS']",5,FC Barcelona,Local
Euroleague,Regular Season,19,2024-01-04,18:45:00,Fenerbahce Beko Istanbul,Maccabi Playtika Tel Aviv,109,74,"['LOTTERMOSER, ROBERT', 'VILIUS, GYTIS', 'KOWALSKI, MARCIN']",35,Fenerbahce Beko Istanbul,Local
Euroleague,Regular Season,19,2024-01-04,20:00:00,LDLC ASVEL Villeurbanne,Zalgiris Kaunas,93,79,"['GARCIA, JUAN CARLOS', 'ZAMOJSKI, JAKUB', 'PEER, ADAR']",14,LDLC ASVEL Villeurbanne,Local
Euroleague,Regular Season,19,2024-01-04,20:00:00,Crvena Zvezda Meridianbet Belgrade,Partizan Mozzart Bet Belgrade,88,72,"['ROCHA, FERNANDO', 'PERUGA, CARLOS', 'PASTUSIAK, PIOTR']",16,Crvena Zvezda Meridianbet Belgrade,Local
Euroleague,Regular Season,19,2024-01-04,20:15:00,Olympiacos Piraeus,AS Monaco,75,73,"['LATISEVS, OLEGS', 'PEERANDI, RAIN', 'ROSSI, MICHELE']",2,Olympiacos Piraeus,Local
Euroleague,Regular Season,19,2024-01-05,19:00:00,ALBA Berlin,Virtus Segafredo Bologna,68,83,"['ALIAGA, JORDI', 'TRAWICKI, TOMASZ', 'JURAS, MARKO']",-15,Virtus Segafredo Bologna,Visitante
Euroleague,Regular Season,19,2024-01-05,20:30:00,Valencia Basket,Panathinaikos AKTOR Athens,81,82,"['DIFALLAH, MEHDI', 'JOVCIC, MILIVOJE', 'SHEMMESH, SEFFI']",-1,Panathinaikos AKTOR Athens,Visitante
Euroleague,Regular Season,19,2024-01-05,20:30:00,FC Barcelona,Baskonia Vitoria-Gasteiz,89,85,"['JAVOR, DAMIR', 'KOLJENSIC, MILOS ', 'LEZCANO, LEANDRO']",4,FC Barcelona,Local
Euroleague,Regular Season,19,2024-01-05,20:30:00,EA7 Emporio Armani Milan,FC Bayern Munich,76,62,"['MOGULKOC, EMIN', 'HORDOV, TOMISLAV ', 'CORTES, CARLOS']",14,EA7 Emporio Armani Milan,Local
Euroleague,Regular Season,19,2024-01-05,20:45:00,Real Madrid,Anadolu Efes Istanbul,130,126,"['BOLTAUZER, MATEJ', 'VYKLICKY, ROBERT', 'SILVA, SERGIO']",4,Real Madrid,Local
Euroleague,Regular Season,20,2024-01-09,18:30:00,Fenerbahce Beko Istanbul,Partizan Mozzart Bet Belgrade,91,76,"['DIFALLAH, MEHDI', 'NEDOVIC, MILAN', 'ALIAGA, JORDI']",15,Fenerbahce Beko Istanbul,Local
Euroleague,Regular Season,20,2024-01-09,19:00:00,AS Monaco,Baskonia Vitoria-Gasteiz,93,83,"['LOTTERMOSER, ROBERT', 'NIKOLIC, UROS', 'SUKYS, ARTURAS']",10,AS Monaco,Local
Euroleague,Regular Season,20,2024-01-09,20:00:00,FC Bayern Munich,Real Madrid,71,92,"['RADOVIC, SRETEN', 'PUKL,SASA', 'SHEMMESH, SEFFI']",-21,Real Madrid,Visitante
Euroleague,Regular Season,20,2024-01-09,20:15:00,Panathinaikos AKTOR Athens,Anadolu Efes Istanbul,83,76,"['BELOSEVIC, ILIJA', 'PERUGA, CARLOS', 'VILIUS, GYTIS']",7,Panathinaikos AKTOR Athens,Local
Euroleague,Regular Season,20,2024-01-09,20:30:00,EA7 Emporio Armani Milan,ALBA Berlin,82,76,"['GARCIA, JUAN CARLOS', 'PEERANDI, RAIN', 'MAJKIC, MARIO ']",6,EA7 Emporio Armani Milan,Local
Euroleague,Regular Season,20,2024-01-09,20:30:00,Valencia Basket,Zalgiris Kaunas,79,84,"['MOGULKOC, EMIN', 'FOUFIS, IOANNIS', 'KARDUM, LUKA']",-5,Zalgiris Kaunas,Visitante
Euroleague,Regular Season,20,2024-01-09,20:30:00,LDLC ASVEL Villeurbanne,Crvena Zvezda Meridianbet Belgrade,100,91,"['JAVOR, DAMIR', 'PATERNICO, CARMELO', 'RACYS, SAULIUS']",9,LDLC ASVEL Villeurbanne,Local
Euroleague,Regular Season,20,2024-01-10,20:30:00,FC Barcelona,Olympiacos Piraeus,86,78,"['BOLTAUZER, MATEJ', 'JOVCIC, MILIVOJE', 'ZAMOJSKI, JAKUB']",8,FC Barcelona,Local
Euroleague,Regular Season,20,2024-01-10,21:00:00,Maccabi Playtika Tel Aviv,Virtus Segafredo Bologna,95,78,"['ROCHA, FERNANDO', 'PEREZ, EMILIO', 'BISSANG, JOSEPH']",17,Maccabi Playtika Tel Aviv,Local
Euroleague,Regular Season,21,2024-01-11,18:45:00,Fenerbahce Beko Istanbul,FC Bayern Munich,98,91,"['GARCIA, JUAN CARLOS', 'PERUGA, CARLOS', 'UDYANSKYY, EDUARD']",7,Fenerbahce Beko Istanbul,Local
Euroleague,Regular Season,21,2024-01-11,20:15:00,Panathinaikos AKTOR Athens,AS Monaco,88,63,"['PEREZ, MIGUEL ANGEL', 'HORDOV, TOMISLAV ', 'SILVA, SERGIO']",25,Panathinaikos AKTOR Athens,Local
Euroleague,Regular Season,21,2024-01-11,20:30:00,EA7 Emporio Armani Milan,Crvena Zvezda Meridianbet Belgrade,62,76,"['LATISEVS, OLEGS', 'ALIAGA, JORDI', 'KOWALSKI, MARCIN']",-14,Crvena Zvezda Meridianbet Belgrade,Visitante
Euroleague,Regular Season,21,2024-01-11,20:45:00,Real Madrid,Valencia Basket,96,86,"['LOTTERMOSER, ROBERT', 'KOLJENSIC, MILOS ', 'NIKOLIC, UROS']",10,Real Madrid,Local
Euroleague,Regular Season,21,2024-01-12,18:30:00,Anadolu Efes Istanbul,Virtus Segafredo Bologna,99,75,"['DIFALLAH, MEHDI', 'NEDOVIC, MILAN', 'CORTES, CARLOS']",24,Anadolu Efes Istanbul,Local
Euroleague,Regular Season,21,2024-01-12,20:30:00,Partizan Mozzart Bet Belgrade,Maccabi Playtika Tel Aviv,88,79,"['BOLTAUZER, MATEJ', 'ZAMOJSKI, JAKUB', 'PEERANDI, RAIN']",9,Partizan Mozzart Bet Belgrade,Local
Euroleague,Regular Season,21,2024-01-12,20:30:00,Baskonia Vitoria-Gasteiz,Olympiacos Piraeus,80,69,"['ROCHA, FERNANDO', 'PASTUSIAK, PIOTR', 'KONSTANTINOVS, KRISTAPS']",11,Baskonia Vitoria-Gasteiz,Local
Euroleague,Regular Season,21,2024-01-12,20:30:00,FC Barcelona,Zalgiris Kaunas,91,73,"['PATERNICO, CARMELO', 'DRAGOJEVIC, IGOR', 'THEPENIER, HUGUES']",18,FC Barcelona,Local
Euroleague,Regular Season,21,2024-01-12,21:00:00,LDLC ASVEL Villeurbanne,ALBA Berlin,63,88,"['MOGULKOC, EMIN', 'VYKLICKY, ROBERT', 'BAENA, ALBERTO']",-25,ALBA Berlin,Visitante
Euroleague,Regular Season,22,2024-01-18,18:30:00,Anadolu Efes Istanbul,FC Barcelona,98,74,"['HORDOV, TOMISLAV ', 'FOUFIS, IOANNIS', 'TSAROUCHA, VASILIKI']",24,Anadolu Efes Istanbul,Local
Euroleague,Regular Season,22,2024-01-18,19:00:00,Crvena Zvezda Meridianbet Belgrade,Baskonia Vitoria-Gasteiz,90,91,"['BOLTAUZER, MATEJ', 'NEDOVIC, MILAN', 'CELIK, HUSEYIN']",-1,Baskonia Vitoria-Gasteiz,Visitante
Euroleague,Regular Season,22,2024-01-18,20:00:00,ALBA Berlin,FC Bayern Munich,65,82,"['PEREZ, MIGUEL ANGEL', 'NIKOLIC, UROS', 'RADOJKOVIC, JOSIP ']",-17,FC Bayern Munich,Visitante
Euroleague,Regular Season,22,2024-01-18,20:15:00,Olympiacos Piraeus,Maccabi Playtika Tel Aviv,89,72,"['JAVOR, DAMIR', 'CORTES, CARLOS', 'UDYANSKYY, EDUARD']",17,Olympiacos Piraeus,Local
Euroleague,Regular Season,22,2024-01-18,20:30:00,Virtus Segafredo Bologna,LDLC ASVEL Villeurbanne,73,63,"['PERUGA, CARLOS', 'PEERANDI, RAIN', 'SILVA, SERGIO']",10,Virtus Segafredo Bologna,Local
Euroleague,Regular Season,22,2024-01-19,19:00:00,Zalgiris Kaunas,Fenerbahce Beko Istanbul,98,75,"['BELOSEVIC, ILIJA', 'BISSANG, JOSEPH', 'BISSUEL, THOMAS']",23,Zalgiris Kaunas,Local
Euroleague,Regular Season,22,2024-01-19,20:00:00,AS Monaco,Real Madrid,98,74,"['LATISEVS, OLEGS', 'VILIUS, GYTIS', 'PETEK, SASO']",24,AS Monaco,Local
Euroleague,Regular Season,22,2024-01-19,20:15:00,Panathinaikos AKTOR Athens,Partizan Mozzart Bet Belgrade,84,71,"['GARCIA, JUAN CARLOS', 'MOGULKOC, EMIN', 'BOUBERT, MAXIME']",13,Panathinaikos AKTOR Athens,Local
Euroleague,Regular Season,22,2024-01-19,20:30:00,Valencia Basket,EA7 Emporio Armani Milan,84,72,"['ROCHA, FERNANDO', 'ZAMOJSKI, JAKUB', 'VYKLICKY, ROBERT']",12,Valencia Basket,Local
Euroleague,Regular Season,23,2024-01-25,18:45:00,Fenerbahce Beko Istanbul,Virtus Segafredo Bologna,88,75,"['BOLTAUZER, MATEJ', 'LATISEVS, OLEGS', 'BITTNER, STEVE']",13,Fenerbahce Beko Istanbul,Local
Euroleague,Regular Season,23,2024-01-25,20:00:00,ALBA Berlin,Crvena Zvezda Meridianbet Belgrade,89,80,"['PERUGA, CARLOS', 'ROSSI, MICHELE', 'POROBIC, DRAGAN']",9,ALBA Berlin,Local
Euroleague,Regular Season,23,2024-01-25,20:05:00,Maccabi Playtika Tel Aviv,Panathinaikos AKTOR Athens,90,75,"['LOTTERMOSER, ROBERT', 'NIKOLIC, UROS', 'PETEK, SASO']",15,Maccabi Playtika Tel Aviv,Local
Euroleague,Regular Season,23,2024-01-25,20:30:00,FC Bayern Munich,LDLC ASVEL Villeurbanne,64,76,"['JOVCIC, MILIVOJE', 'VILIUS, GYTIS', 'CORTES, CARLOS']",-12,LDLC ASVEL Villeurbanne,Visitante
Euroleague,Regular Season,23,2024-01-25,20:45:00,Real Madrid,Olympiacos Piraeus,90,85,"['BELOSEVIC, ILIJA', 'PATERNICO, CARMELO', 'RACYS, SAULIUS']",5,Real Madrid,Local
Euroleague,Regular Season,23,2024-01-26,18:30:00,Anadolu Efes Istanbul,AS Monaco,78,80,"['GARCIA, JUAN CARLOS', 'ROCHA, FERNANDO', 'VAN DEN BROECK, NICK']",-2,AS Monaco,Visitante
Euroleague,Regular Season,23,2024-01-26,20:30:00,Baskonia Vitoria-Gasteiz,Valencia Basket,62,77,"['RADOVIC, SRETEN', 'PUKL,SASA', 'JURAS, MARKO']",-15,Valencia Basket,Visitante
Euroleague,Regular Season,23,2024-01-26,20:30:00,Partizan Mozzart Bet Belgrade,Zalgiris Kaunas,81,72,"['PEREZ, EMILIO', 'HORDOV, TOMISLAV ', 'PITSILKAS, VASSILIS']",9,Partizan Mozzart Bet Belgrade,Local
Euroleague,Regular Season,23,2024-01-26,20:30:00,EA7 Emporio Armani Milan,FC Barcelona,74,70,"['DIFALLAH, MEHDI', 'NEDOVIC, MILAN', 'RADOJKOVIC, JOSIP ']",4,EA7 Emporio Armani Milan,Local
Euroleague,Regular Season,24,2024-01-30,20:00:00,LDLC ASVEL Villeurbanne,Fenerbahce Beko Istanbul,73,83,"['GARCIA, JUAN CARLOS', 'NEDOVIC, MILAN', 'KOWALSKI, MARCIN']",-10,Fenerbahce Beko Istanbul,Visitante
Euroleague,Regular Season,24,2024-01-30,20:00:00,FC Bayern Munich,Baskonia Vitoria-Gasteiz,112,109,"['DIFALLAH, MEHDI', 'PATERNICO, CARMELO', 'BOUBERT, MAXIME']",3,FC Bayern Munich,Local
Euroleague,Regular Season,24,2024-01-30,20:00:00,Crvena Zvezda Meridianbet Belgrade,Valencia Basket,82,64,"['LOTTERMOSER, ROBERT', 'MOGULKOC, EMIN', 'PETEK, SASO']",18,Crvena Zvezda Meridianbet Belgrade,Local
Euroleague,Regular Season,24,2024-01-30,20:15:00,Olympiacos Piraeus,ALBA Berlin,101,87,"['PEREZ, EMILIO', 'ZAMOJSKI, JAKUB', 'OBRKNEZEVIC, UROS ']",14,Olympiacos Piraeus,Local
Euroleague,Regular Season,24,2024-01-30,20:30:00,Real Madrid,Maccabi Playtika Tel Aviv,106,101,"['RADOVIC, SRETEN', 'ROCHA, FERNANDO', 'SUKYS, ARTURAS']",5,Real Madrid,Local
Euroleague,Regular Season,24,2024-01-31,19:00:00,Zalgiris Kaunas,Anadolu Efes Istanbul,96,70,"['PERUGA, CARLOS', 'KOLJENSIC, MILOS ', 'UDYANSKYY, EDUARD']",26,Zalgiris Kaunas,Local
Euroleague,Regular Season,24,2024-01-31,19:00:00,AS Monaco,Partizan Mozzart Bet Belgrade,85,70,"['PEREZ, MIGUEL ANGEL', 'ALIAGA, JORDI', 'RADOJKOVIC, JOSIP ']",15,AS Monaco,Local
Euroleague,Regular Season,24,2024-01-31,20:15:00,Panathinaikos AKTOR Athens,EA7 Emporio Armani Milan,79,62,"['JAVOR, DAMIR', 'VILIUS, GYTIS', 'KONSTANTINOVS, KRISTAPS']",17,Panathinaikos AKTOR Athens,Local
Euroleague,Regular Season,24,2024-01-31,20:30:00,FC Barcelona,Virtus Segafredo Bologna,84,57,"['BELOSEVIC, ILIJA', 'NIKOLIC, UROS', 'CICI, GENTIAN']",27,FC Barcelona,Local
Euroleague,Regular Season,25,2024-02-01,20:00:00,ALBA Berlin,Valencia Basket,66,81,"['PATERNICO, CARMELO', 'DIFALLAH, MEHDI', 'BISSUEL, THOMAS']",-15,Valencia Basket,Visitante
Euroleague,Regular Season,25,2024-02-01,20:30:00,Baskonia Vitoria-Gasteiz,Maccabi Playtika Tel Aviv,92,82,"['MOGULKOC, EMIN', 'JOVCIC, MILIVOJE', 'KOWALSKI, MARCIN']",10,Baskonia Vitoria-Gasteiz,Local
Euroleague,Regular Season,25,2024-02-01,20:30:00,FC Bayern Munich,Olympiacos Piraeus,72,76,"['GARCIA, JUAN CARLOS', 'BISSANG, JOSEPH', 'DRAGOJEVIC, IGOR']",-4,Olympiacos Piraeus,Visitante
Euroleague,Regular Season,25,2024-02-01,20:45:00,Real Madrid,LDLC ASVEL Villeurbanne,86,79,"['HORDOV, TOMISLAV ', 'SHEMMESH, SEFFI', 'LEZCANO, LEANDRO']",7,Real Madrid,Local
Euroleague,Regular Season,25,2024-02-02,18:30:00,Anadolu Efes Istanbul,EA7 Emporio Armani Milan,79,73,"['PEREZ, MIGUEL ANGEL', 'KARDUM, LUKA', 'BAENA, ALBERTO']",6,Anadolu Efes Istanbul,Local
Euroleague,Regular Season,25,2024-02-02,19:00:00,Zalgiris Kaunas,Panathinaikos AKTOR Athens,80,68,"['RADOVIC, SRETEN', 'PASTUSIAK, PIOTR', 'CORTES, CARLOS']",12,Zalgiris Kaunas,Local
Euroleague,Regular Season,25,2024-02-02,20:00:00,Crvena Zvezda Meridianbet Belgrade,FC Barcelona,76,85,"['ROCHA, FERNANDO', 'RACYS, SAULIUS', 'KONSTANTINOVS, KRISTAPS']",-9,FC Barcelona,Visitante
Euroleague,Regular Season,25,2024-02-02,20:30:00,Virtus Segafredo Bologna,Partizan Mozzart Bet Belgrade,88,84,"['LOTTERMOSER, ROBERT', 'PUKL,SASA', 'TRAWICKI, TOMASZ']",4,Virtus Segafredo Bologna,Local
Euroleague,Regular Season,25,2024-02-02,20:30:00,AS Monaco,Fenerbahce Beko Istanbul,76,69,"['JAVOR, DAMIR', 'FOUFIS, IOANNIS', 'BALAK, AMIT']",7,AS Monaco,Local
